sku,raw_title,raw_description
SKU-1006, PIGEON  NON STICK TAWA  28   CM,
SKU-1007,Bisleri   mineral water 5L,
SKU-1012,  Cello Plastic Storage Container Set Pack Of 6,"airtight, BPA free"
SKU-1018, bru instant   coffee 100g   ,jar
SKU-1019,COTTON   double BEDSHEET BOMBAY  Dyeing  with 2 pillow COVERS,"floral, 144 TC"
SKU-1026,kids puzzle toy wooden,
SKU-1032,Maggi 2-Minute Noodles Masala  Pack  Of 12,"family pack, pck of 4"
SKU-1036,  Noise colorfit   pro  smart   watch  ,"1.85"" display, bluetooth calling"
SKU-1041,CHEESE SLICES  AMUL 750 G,"processed cheese, 10 slices"
SKU-1046,MINERAL   WATER BISLERI   5L ,
SKU-1051, cream   beauty bathing bar  soap dove   125g ,pack of 3
SKU-1057,sunflower OIL Fortune   5L  ,"refined, light and healthy, ""best seller"""
SKU-1061,  Harpic  toilet   cleaner   1  L ,pack of 2
SKU-1062,garbage   bags  medium   Presto 30   BAGS ,"black, 19 x 21 inches"
SKU-1064,BISLERI MINERAL WATER 5L  ,
SKU-1068,Bru  instant coffee  200   gm,jar
SKU-1075,Amul butter 500 gm,pasteurised table butter
SKU-1077,Puma   men  running  shoes UK  9 ,"lightweight, grey, ""best seller"""
SKU-1079,  GILLETTE  MACH3  RAZOR 1 PC ,WITH 2 CARTRIDGES
SKU-1083, Classic Coffee Nescafe 100 G,
SKU-1090, Dettol Original Liquid Hand Wash 200Ml ,
SKU-1095,  PLASTIC   STORAGE CONTAINER   SET  CELLO PACK   OF  6,"airtight, BPA free"
SKU-1099,Noise colorfit pro smart   watch,"1.85"" display, bluetooth calling"
SKU-1103,Maggi 2-minute   noodles   masala pack of 12  ,instant noodles
SKU-1109,  HARPIC TOILET   CLEANER   500ML,"original, kills 99.9% germs"
SKU-1110,BRU INSTANT COFFEE 100G   ,coffee and chicory
SKU-1114,STRONG TEETH   TOOTHPASTE  COLGATE   100   G ,"cavity protection, ""best seller"""
SKU-1118,25W USB   C   FAST CHARGER SAMSUNG   ,"travel adapter, cable not included, ""best seller"""
SKU-1125,  Nivea   soft   light MOISTURISING cream   200ML   ,with vitamin E and jojoba oil
SKU-1126,soft drink Coca Cola  2.25   L,cold drink bottle
SKU-1129,  TOILET  CLEANER  HARPIC 500ML  ,"original, kills 99.9% germs"
SKU-1134,  boat airdopes 141 bluetooth earbuds  ,"42H playtime, IPX4"
SKU-1141, HALDIRAM  ALOO  BHUJIA 400   gm   ,"crispy, spicy"
SKU-1145, COLGATE strong  teeth toothpaste 200g,cavity protection
SKU-1152,  Men Running Shoes   Puma Uk 9 ,
SKU-1156,men running shoes puma uk 9,"lightweight, grey"
SKU-1161,  Nescafe classic coffee 50G,
SKU-1163, Air Freshener Blocks Odonil   50G ,"jasmine, pack of 4"
SKU-1167, presto  garbage  bags  medium  30 bags,"black, 19 x 21 inches"
SKU-1173,  instant coffee bru 200 gm ,coffee and chicory
SKU-1178,MILTON   THERMOSTEEL WATER  BOTTLE 1000 ML ,hot and cold 24 hrs
SKU-1180, men   cotton socks Jockey   pack of 3 ,
SKU-1181,  cello plastic  storage   container set pack of 6 ,
SKU-1186,  WOMEN   COTTON   KURTA  BIBA  XL,
SKU-1187,Amul cheese  slices 200g ,"processed cheese, 10 slices"
SKU-1189,  2-minute noodles  masala maggi  70g  ,"family pack, pck of 4"
SKU-1190,  cheese   slices  Amul   200g ,"processed cheese, 10 slices"
SKU-1191,SOFT  LIGHT   MOISTURISING CREAM  NIVEA  100  ML ,
SKU-1192,floor cleaner   citrus   lizol  975  ml ,
SKU-1195,BRITANNIA  GOOD DAY CASHEW BISCUITS 600G,cookies with cashew
SKU-1200, Floor Cleaner Citrus Lizol   2 Ltr ,disinfectant surface cleaner
SKU-1204,Milton Thermosteel Water   Bottle  750Ml ,hot and cold 24 hrs
SKU-1207,BUTTER AMUL   500G,"salted, pck of 2, ""best seller"""
SKU-1209, 25w   usb c  fast charger samsung,"TRAVEL ADAPTER, CABLE NOT INCLUDED, ""BEST SELLER"""
SKU-1210,  gillette mach3  razor 1  pc ,3 blades
SKU-1217, himalaya neem  face wash   150  ml,
SKU-1220,  SUNFLOWER OIL FORTUNE 1 LTR,"refined, light and healthy"
SKU-1225, Surf Excel  Matic  Liquid Detergent 2L,front load
SKU-1232,Classic Coffee Nescafe 50G,100% pure instant coffee
SKU-1235,  dettol original liquid hand wash 1.5 l  refill  ,GERM PROTECTION
SKU-1237,classic   coffee NESCAFE  100   G,100% pure instant coffee
SKU-1243,energy   drink RED BULL 250   ml,pack of 4
SKU-1249,  strong teeth toothpaste  COLGATE 100 G,pack of 2
SKU-1254,Amul Cheese  Slices 750 G  ,
SKU-1261,GIFT wrapping paper   10   sheets,assorted designs
SKU-1267,cream beauty  bathing bar soap dove 125g  ,1/4 moisturising cream
SKU-1271,Presto  GARBAGE bags medium   30 bags ,
SKU-1272,LOGITECH   M331 SILENT WIRELESS   MOUSE,
SKU-1275,Fortune  SUNFLOWER oil 1   ltr,"refined, light and healthy"
SKU-1278, TATA salt 1kg ,
SKU-1285, PUMA  MEN RUNNING   SHOES  UK  9,"LIGHTWEIGHT, GREY, ""BEST SELLER"""
SKU-1291,  soft drink Coca Cola 750  ml ,pack of 6
SKU-1297, Milton thermosteel water bottle 1000 ml ,
SKU-1302,anti dandruff shampoo   head &   shoulders   650ml   ,smooth and silky
SKU-1304,dove cream beauty bathing  bar soap 125g,pack of 3
SKU-1305, AIRDOPES 141 bluetooth earbuds boAt,black
SKU-1307, butter   Amul 500G,pasteurised table butter
SKU-1308,good day   cashew biscuits Britannia 600G,
SKU-1313, RED BULL ENERGY DRINK 250 ML  ,"can, ""best seller"""
SKU-1320,lizol floor cleaner   citrus 2 ltr ,
SKU-1324,BOAT  AIRDOPES  141 BLUETOOTH EARBUDS,black
SKU-1326, ENERGY DRINK RED BULL 250  ML ,can
SKU-1329, COLGATE STRONG TEETH  TOOTHPASTE   200G,CAVITY PROTECTION
SKU-1333,Dettol original liquid hand wash 1.5 L refill ,germ protection
SKU-1337,MENS   SLIM  FIT JEANS  LEVIS 32W  ,
SKU-1339,floor cleaner  citrus lizol  975  ml,disinfectant surface cleaner
SKU-1346,  nivea soft  light moisturising cream 100 ml ,
SKU-1349,  INSTANT COFFEE BRU 200 GM  ,coffee and chicory
SKU-1352,MDH GARAM MASALA 100g  ,
SKU-1353,AMUL   CHEESE SLICES 200G  ,
SKU-1357,M331 Silent Wireless   Mouse Logitech,90% less click noise
SKU-1359,LEVIS mens slim  fit  jeans   32W,
SKU-1366, NESCAFE CLASSIC COFFEE 50G ,
SKU-1373,GILLETTE   MACH3 RAZOR   1  PC ,with 2 cartridges
SKU-1374,  THERMOSTEEL   WATER BOTTLE MILTON 1000 ML ,
SKU-1377,Butter Amul 100G,"salted, pck of 2, ""best seller"""
SKU-1382,TOILET  CLEANER HARPIC 500ML,"original, kills 99.9% germs"
SKU-1388,men   cotton SOCKS   JOCKEY  pack  of 3 ,ankle length
SKU-1394,men POLO t-shirt Allen  Solly M ,
SKU-1396,Colgate STRONG  teeth   toothpaste 100  G,pack of 2
SKU-1399,non stick  tawa  pigeon 28  cm,induction compatible
SKU-1406, biba women   cotton kurta s ,
SKU-1410,HEAD & Shoulders anti dandruff  shampoo 650ml ,smooth and silky
SKU-1415,MINERAL   WATER BISLERI   5L  ,packaged drinking water
SKU-1422, Dettol  original liquid  hand   wash   1.5 L REFILL ,
SKU-1425,  REAL fruit juice mixed fruit 1 ltr,no added preservatives
SKU-1427, TEA GOLD   TATA 1KG  ,premium assam tea
SKU-1430,  2-Minute  Noodles Masala Maggi Pack Of 12 ,"instant noodles, ""best seller"""
SKU-1437,  PRESTIGE PRESSURE cooker aluminium 5 L  ,
SKU-1439,  LEVIS MENS   SLIM FIT  JEANS   32W,"dark blue, stretch denim, ""best seller"""
SKU-1444, bisleri mineral water 1 ltr ,packaged drinking water
SKU-1446,COLGATE strong  teeth toothpaste 200g ,cavity protection
SKU-1448,  parle  g   glucose  biscuits 800g  ,value pack
SKU-1451, Jockey  men cotton socks   pack   of 3 ,"ankle length, ""best seller"""
SKU-1454,Amul  cheese   slices 750 G,"processed cheese, 10 slices"
SKU-1461,  RED   Label  tea 500 G ,
SKU-1465,  ORIGINAL  LIQUID HAND   WASH DETTOL 200ML   ,germ protection
SKU-1472,Biba Women Cotton   Kurta   Xl ,
SKU-1476,  WHOLE wheat ATTA Aashirvaad  5KG ,chakki fresh
SKU-1481,  butter AMUL   500 gm,"salted, pck of 2"
SKU-1482,toor dal TATA Sampann 1 kg,
SKU-1489,Head &  Shoulders  Anti Dandruff  Shampoo 650Ml,
SKU-1495,MATIC  LIQUID DETERGENT   SURF EXCEL 2L,front load
SKU-1500,  Nescafe  Classic   Coffee 50G,100% pure instant coffee
SKU-1505, Dove   Cream   Beauty Bathing   Bar  Soap 125G,"1/4 moisturising cream, ""best seller"""
SKU-1511,2-MINUTE  NOODLES MASALA   MAGGI   70G  ,instant noodles
SKU-1512,  TEA  GOLD TATA 250G,premium assam tea
SKU-1518, ALLEN SOLLY MEN  POLO T-SHIRT L ,
SKU-1520,  Mach3  Razor  Gillette  1 Pc,with 2 cartridges
SKU-1522,  10000MAH  POWER BANK   MI ,"dual output, 18W fast charging"
SKU-1528,BASMATI  RICE   INDIA GATE 5 KG,CLASSIC
SKU-1530, pressure cooker aluminium PRESTIGE   3  ltr ,"outer lid, induction base"
SKU-1535,  basmati   rice  india gate 1kg  ,classic
SKU-1540,AMUL  CHEESE   SLICES 200G,
SKU-1544,Lizol   floor cleaner   citrus 975 ml,disinfectant surface cleaner
SKU-1545,TATA   SAMPANN   TOOR DAL  1 KG ,
SKU-1547,Rockerz 450 Wireless   Headphones Boat,
SKU-1550, philips led bulb 9w pack of 4 ,"cool day light, B22 base, ""best seller"""
SKU-1552,Gillette mach3 razor 1 pc ,3 blades
SKU-1553,  Garbage  Bags Medium  Presto   30 Bags  ,
SKU-1554, gift  wrapping paper 10  sheets,
SKU-1560, Amul   Butter   500G,"salted, pck of 2"
SKU-1565, anti dandruff  shampoo   Head &   Shoulders 340 ML,smooth and silky
SKU-1571, kids  puzzle  toy wooden,"educational, 3+ years"
SKU-1572,  ORIGINAL   LIQUID  HAND WASH DETTOL 200ML ,germ protection
SKU-1574,Floor Cleaner Citrus Lizol 2 Ltr ,
SKU-1581,  Mi 10000Mah   Power Bank,
SKU-1582,Parle G Glucose   Biscuits  800G ,"pack of 3, ""best seller"""
SKU-1586,britannia good day cashew biscuits   200 g ,
SKU-1593, BUTTER  AMUL 500 GM ,pasteurised table butter
SKU-1595,  aloo bhujia   haldiram 1 kg ,"CRISPY, SPICY"
SKU-1599,unbranded mobile  stand ,"adjustable, foldable"
SKU-1606,  instant coffee bru 100g,coffee and chicory
SKU-1613,Handmade Clay   Diya   Set Of 12,
SKU-1614,  Prestige  Pressure Cooker  Aluminium 3 Ltr  ,
SKU-1618, India  Gate Basmati   Rice 1Kg  ,"long grain, aged, ""best seller"""
SKU-1624, basmati RICE India  Gate 5   kg,classic
SKU-1627, whole wheat atta  Aashirvaad   10 kg ,chakki fresh
SKU-1632,  Strong Teeth Toothpaste Colgate 200G,cavity protection
SKU-1637,  Himalaya   Neem Face   Wash  150   Ml ,"purifying, for oily skin"
SKU-1644,  Tea   Red Label 500 G   ,"natural care, 5 herbs"
SKU-1651,  Men Polo T-Shirt  Allen  Solly L   ,"100% cotton, navy"
SKU-1654,  gift wrapping paper 10 sheets,assorted designs
SKU-1659,  soft drink Coca   Cola 2.25   L,cold drink bottle
SKU-1665,LIZOL  FLOOR CLEANER CITRUS 2 LTR,disinfectant surface cleaner
SKU-1669,vim dishwash  gel lemon   750   ml,removes tough grease
SKU-1674,  Prestige Pressure  Cooker Aluminium 3  Ltr  ,"outer lid, induction base"
SKU-1678,TATA SAMPANN   TOOR DAL 1   KG ,
SKU-1680,non  stick tawa   Pigeon 28 CM ,
SKU-1687,  MATIC LIQUID   DETERGENT  SURF EXCEL 2L ,front load
SKU-1694,  britannia good  day cashew biscuits 200 g  ,"cookies with cashew, ""best seller"""
SKU-1697,  aloo  bhujia  haldiram 1 kg  ,"crispy, spicy"
SKU-1700,  BIBA women   cotton kurta   S,"printed, straight fit"
SKU-1704,nescafe classic coffee 100 g  ,"100% pure instant coffee, ""best seller"""
SKU-1708, mineral water bisleri 1 ltr,
SKU-1709, BRU INSTANT COFFEE 200 GM ,jar
SKU-1714,  HEAD  &   SHOULDERS ANTI  DANDRUFF SHAMPOO 340 ML  ,smooth and silky
SKU-1720, air   freshener blocks Odonil  50g ,
SKU-1723,instant coffee   BRU 100g,jar
SKU-1729,  RED Bull ENERGY drink  250 ML ,"can, ""best seller"""
SKU-1733,MDH GARAM MASALA 100G ,
SKU-1734,colorfit   pro smart  watch Noise ,"1.85"" display, bluetooth calling"
SKU-1735,BRU   instant  coffee   100g,coffee and chicory
SKU-1742,COCA COLA SOFT DRINK 750 ML  ,pack of 6
SKU-1748,  rockerz 450 wireless headphones boat  ,
SKU-1751, britannia good day   cashew   biscuits   600g,
SKU-1755,Lizol FLOOR  cleaner  citrus  975 ml ,
SKU-1758,  2-minute noodles masala maggi   70g  ,"family pack, pck of 4"
SKU-1765,neem  face  wash himalaya 150  ml ,"purifying, for oily skin"
SKU-1772,  britannia good day  cashew   biscuits   600g   ,
SKU-1775,colgate strong  teeth toothpaste 100 g  ,"cavity protection, ""best seller"""
SKU-1776,  instant   COFFEE Bru 100g,coffee and chicory
SKU-1780, samsung 25w usb c fast charger ,"travel adapter, cable not included"
SKU-1783,nescafe classic coffee 50g ,100% pure instant coffee
SKU-1790,  LOGITECH M331 SILENT WIRELESS MOUSE ,90% less click noise
SKU-1794,Bombay Dyeing cotton double  bedsheet with   2   pillow   covers   ,
SKU-1801, ALOO BHUJIA  HALDIRAM   400 GM,namkeen snack
SKU-1803,  m331 silent wireless  mouse logitech,
SKU-1804, Led Bulb   9W Philips Pack Of  4   ,
SKU-1811,  men running  shoes puma uk  9  ,"lightweight, grey"
SKU-1818,women  cotton kurta   BIBA XL ,"printed, straight fit"
SKU-1822,  LIZOL FLOOR  CLEANER CITRUS  2   LTR,disinfectant surface cleaner
SKU-1829,  garam   masala mdh 100g ,
SKU-1832,  BRU INSTANT COFFEE  200 GM  ,coffee and chicory
SKU-1835,men running shoes puma   uk 9,
SKU-1836,TURMERIC POWDER   EVEREST   200 G  ,
SKU-1838,AA   ALKALINE  BATTERY   DURACELL PACK OF  8 ,
SKU-1843,  ANTI DANDRUFF  SHAMPOO HEAD  & SHOULDERS  650ML,
SKU-1845,  PRESSURE COOKER ALUMINIUM   PRESTIGE 5   L ,
SKU-1850, Head & Shoulders Anti Dandruff   Shampoo 650Ml,
SKU-1853, 25W  USB C FAST CHARGER SAMSUNG,
SKU-1855,  soft   light   moisturising  cream nivea 200ml,"with vitamin E and jojoba oil, ""best seller"""
SKU-1858, LED   BULB   9W   PHILIPS   PACK   OF 4 ,"cool day light, B22 base"
SKU-1864,ROCKERZ  450  WIRELESS HEADPHONES BOAT ,"on ear, 15H battery"
SKU-1866,  Everest Turmeric   Powder 200  G,
SKU-1870,Odonil Air Freshener  Blocks   50G   ,
SKU-1874,Pigeon   non  STICK tawa  28  cm  ,induction compatible
SKU-1878,Garam  Masala  Mdh 100G,blended spices
SKU-1881,colgate strong   teeth toothpaste 200g,pack of 2
SKU-1885,  REAL FRUIT   JUICE MIXED FRUIT  1  LTR ,pack of 2
SKU-1892,  COTTON DOUBLE  BEDSHEET BOMBAY DYEING   WITH   2 PILLOW COVERS ,
SKU-1896,MATIC  liquid detergent  Surf Excel   1 ltr,top load
SKU-1897,nivea soft  light moisturising  cream 100 ml ,with vitamin E and jojoba oil
SKU-1898, MAGGI 2-MINUTE NOODLES MASALA 70G ,"instant noodles, ""best seller"""
SKU-1903,  Cello  Plastic Storage Container Set  Pack Of   6,"airtight, BPA free"
SKU-1907,Puma men running   shoes UK 9  ,
SKU-1914,  presto garbage bags  medium 30   bags,
SKU-1915, EVEREST  TURMERIC   POWDER 200 G  ,"haldi, pure, ""best seller"""
SKU-1922,India Gate Basmati Rice 5  Kg  ,classic
SKU-1924,Duracell  AA alkaline BATTERY pack of 8,long lasting
SKU-1926,tea  red label  500 g,"natural care, 5 herbs"
SKU-1930, biba   women cotton kurta s,
SKU-1936, thermosteel  water  bottle Milton 750ml,
SKU-1938, sunflower  oil   fortune   5l ,"REFINED, LIGHT AND HEALTHY, ""BEST SELLER"""
SKU-1945, aloo bhujia haldiram   400 gm,"crispy, spicy"
SKU-1951,NIVEA  soft light moisturising  cream 200ML,
SKU-1952,  cream   beauty bathing   bar soap   dove  125g ,pack of 3
SKU-1955,Aashirvaad whole   wheat atta 5KG  ,chakki fresh
SKU-1956, butter   amul 500g   ,pasteurised table butter
SKU-1959, 2-minute  NOODLES   masala MAGGI   pack  of 12,"family pack, pck of 4"
